date,event,opponent,competition,venue,result,messi_goals,messi_assists,source,source_name
2005-07-02,Campeón y figura del Mundial Sub-20,Nigeria,Final · Copa Mundial Sub-20 FIFA,"Stadion Galgenwaard, Utrecht",Argentina 2–1 Nigeria,2,,https://www.fifa.com/es/articles/messi-a-20-anos-de-un-debut-muy-especial,FIFA
2005-08-17,Debut con la selección mayor,Hungría,Amistoso internacional,"Puskás Ferenc Stadion, Budapest",Hungría 1–2 Argentina,0,,https://www.fifa.com/es/articles/historia-lionel-messi-seleccion-argentina-copa-mundial,FIFA
2006-03-01,Primer gol con la selección mayor,Croacia,Amistoso internacional,"St. Jakob-Park, Basilea",Croacia 3–2 Argentina,1,,https://inside.fifa.com/es/news/messi-10-anos-10-goles-2768074,FIFA
2007-07-15,Primera final de Copa América,Brasil,Final · Copa América,"Estadio José Pachencho Romero, Maracaibo",Brasil 3–0 Argentina,0,,https://cdn.conmebol.com/wp-content/uploads/documents/copaamericaweb-es.pdf,CONMEBOL
2011-07-16,Cuartos de final en casa,Uruguay,Cuartos de final · Copa América,"Estadio Brigadier General Estanislao López, Santa Fe",Argentina 1–1 Uruguay (Uruguay ganó 5–4 por penales),0,,https://cdn.conmebol.com/wp-content/uploads/documents/copaamericaweb-es.pdf,CONMEBOL
2014-07-13,Final de la Copa Mundial,Alemania,Final · Copa Mundial FIFA,"Maracanã, Río de Janeiro",Alemania 1–0 Argentina (prórroga),0,,https://www.fifa.com/es/tournaments/mens/worldcup/canadamexicousa2026/articles/lionel-messi-historia-copa-mundial-brasil-2014,FIFA
2015-07-04,Final de Copa América,Chile,Final · Copa América,"Estadio Nacional, Santiago",Chile 0–0 Argentina (Chile ganó 4–1 por penales),0,,https://cdn.conmebol.com/wp-content/uploads/documents/copaamericaweb-es.pdf,CONMEBOL
2016-06-26,Final de la Copa América Centenario,Chile,Final · Copa América Centenario,"MetLife Stadium, East Rutherford",Argentina 0–0 Chile (Chile ganó 4–2 por penales),0,,https://www.fifa.com/es/tournaments/mens/worldcup/canadamexicousa2026/articles/messi-a-20-anos-de-un-debut-muy-especial,FIFA
2019-07-02,Semifinal de Copa América,Brasil,Semifinal · Copa América,"Mineirão, Belo Horizonte",Brasil 2–0 Argentina,0,,https://cdn.conmebol.com/wp-content/uploads/documents/copaamericaweb-es.pdf,CONMEBOL
2021-07-10,Primer título de Copa América con la absoluta,Brasil,Final · Copa América,"Maracanã, Río de Janeiro",Argentina 1–0 Brasil,0,,https://www.fifa.com/es/articles/copa-america-final-copa-mundial-argentina-messi-scaloni-catar-2022,FIFA
2022-06-01,Campeón de la Finalissima,Italia,Finalissima,"Wembley Stadium, Londres",Italia 0–3 Argentina,0,,https://www.fifa.com/es/articles/copa-america-final-copa-mundial-argentina-messi-scaloni-catar-2022,FIFA
2022-12-18,Campeón del mundo,Francia,Final · Copa Mundial FIFA,"Estadio Lusail, Lusail",Argentina 3–3 Francia (Argentina ganó 4–2 por penales),2,,https://www.fifa.com/fr/tournaments/mens/worldcup/articles/argentine-france-messi-mbappe-qatar-2022,FIFA
2024-07-14,Bicampeón de América,Colombia,Final · Copa América,"Hard Rock Stadium, Miami Gardens",Argentina 1–0 Colombia (prórroga),0,,https://cdn.conmebol.com/wp-content/uploads/2025/02/GET-CONMEBOL-Copa-America-USA-2024-ENG.pdf,CONMEBOL
2026-07-19,Final de la Copa Mundial 2026,España,Final · Copa Mundial FIFA,"New York New Jersey Stadium, East Rutherford",España 1–0 Argentina (prórroga),0,,https://www.fifa.com/en/tournaments/mens/worldcup/canadamexicousa2026/articles/spain-argentina-final-report-highlights,FIFA
2026-10-06,Último partido anunciado con Argentina · pendiente,Benín,Amistoso internacional · despedida anunciada,"Estadio Monumental, Buenos Aires",Pendiente de disputarse al 2 de octubre de 2026,,,https://www.fifa.com/en/tournaments/mens/worldcup/articles/lionel-messi-argentina-farewell,FIFA
